{
    "a": {
        "n": 0.16210000000000002,
        "l": 0.14568,
        "t": 0.14195,
        "r": 0.10176,
        "c": 0.06912,
        "s": 0.051710000000000006,
        "b": 0.05064,
        "m": 0.04195,
        "p": 0.040229999999999995,
        "d": 0.03725,
        "g": 0.030520000000000002,
        "e": 0.026080000000000002,
        "u": 0.02033,
        "i": 0.01846,
        "v": 0.01198,
        "k": 0.010409999999999999,
        "f": 0.00938,
        "y": 0.00695,
        "w": 0.00575,
        "z": 0.00526,
        "h": 0.00418,
        "x": 0.00415,
        "o": 0.00167,
        "q": 0.0014299999999999998,
        "j": 0.00058,
        "a": 0.00043999999999999996
    },
    "b": {
        "l": 0.17794000000000001,
        "e": 0.1506,
        "a": 0.14682,
        "i": 0.1358,
        "r": 0.11513999999999999,
        "o": 0.10468,
        "u": 0.077,
        "b": 0.02327,
        "s": 0.01397,
        "y": 0.00983,
        "c": 0.0074,
        "d": 0.007169999999999999,
        "t": 0.0066500000000000005,
        "m": 0.0046700000000000005,
        "p": 0.00422,
        "h": 0.00321,
        "j": 0.00299,
        "f": 0.00209,
        "v": 0.0020499999999999997,
        "g": 0.00161,
        "n": 0.00134,
        "w": 0.0009299999999999999,
        "k": 0.00021999999999999998,
        "q": 0.00021999999999999998,
        "z": 0.00015
    },
    "c": {
        "o": 0.20811,
        "a": 0.16729,
        "h": 0.14334,
        "e": 0.10215999999999999,
        "i": 0.07048,
        "r": 0.06699,
        "t": 0.05881,
        "u": 0.051879999999999996,
        "l": 0.042510000000000006,
        "k": 0.03528,
        "y": 0.031120000000000002,
        "c": 0.0141,
        "s": 0.00421,
        "n": 0.00194,
        "q": 0.0005,
        "z": 0.00043,
        "m": 0.00037999999999999997,
        "d": 0.00014000000000000001,
        "w": 0.00013,
        "p": 7.000000000000001e-05,
        "b": 7.000000000000001e-05,
        "f": 4e-05
    },
    "d": {
        "e": 0.27744,
        "i": 0.25361,
        "o": 0.11381000000000001,
        "a": 0.11007,
        "r": 0.07149,
        "u": 0.04272,
        "l": 0.027290000000000002,
        "y": 0.02355,
        "d": 0.02021,
        "n": 0.01654,
        "g": 0.00992,
        "s": 0.0072299999999999994,
        "m": 0.00451,
        "w": 0.00436,
        "h": 0.004079999999999999,
        "f": 0.00328,
        "b": 0.0020399999999999997,
        "v": 0.0017599999999999998,
        "t": 0.00155,
        "j": 0.0013900000000000002,
        "p": 0.00133,
        "c": 0.00105,
        "k": 0.0004,
        "z": 0.00028000000000000003,
        "q": 8.999999999999999e-05
    },
    "e": {
        "r": 0.21117,
        "n": 0.13720000000000002,
        "s": 0.10833,
        "d": 0.08337,
        "l": 0.06612,
        "t": 0.059699999999999996,
        "a": 0.051680000000000004,
        "c": 0.04474,
        "m": 0.03585,
        "p": 0.029079999999999998,
        "x": 0.02738,
        "e": 0.02371,
        "o": 0.02318,
        "u": 0.023,
        "i": 0.01332,
        "v": 0.01015,
        "f": 0.01012,
        "g": 0.01006,
        "b": 0.00772,
        "w": 0.0060799999999999995,
        "y": 0.00563,
        "q": 0.00462,
        "h": 0.00402,
        "k": 0.00182,
        "z": 0.00106,
        "j": 0.0009
    },
    "f": {
        "o": 0.17155,
        "i": 0.16588999999999998,
        "e": 0.13451000000000002,
        "l": 0.12484,
        "u": 0.10544,
        "a": 0.10472,
        "r": 0.09432,
        "f": 0.05256,
        "t": 0.02223,
        "y": 0.01625,
        "s": 0.0017100000000000001,
        "n": 0.00105,
        "w": 0.00079,
        "h": 0.00079,
        "m": 0.0007199999999999999,
        "d": 0.00066,
        "c": 0.00046,
        "b": 0.00046,
        "g": 0.00033,
        "j": 0.00026,
        "p": 0.00026,
        "k": 0.00013,
        "v": 7.000000000000001e-05
    },
    "g": {
        "e": 0.17649,
        "a": 0.13966,
        "r": 0.12663,
        "i": 0.12536,
        "l": 0.09725,
        "o": 0.0852,
        "u": 0.06482,
        "n": 0.04632,
        "y": 0.04127,
        "h": 0.0381,
        "g": 0.026760000000000003,
        "m": 0.01414,
        "s": 0.00559,
        "w": 0.00329,
        "t": 0.0023,
        "b": 0.00226,
        "f": 0.00136,
        "d": 0.00123,
        "p": 0.00107,
        "z": 0.00033,
        "k": 0.00025,
        "c": 0.00021,
        "v": 8e-05,
        "j": 4e-05
    },
    "h": {
        "e": 0.23123000000000002,
        "o": 0.17132000000000003,
        "i": 0.15573,
        "a": 0.154,
        "y": 0.13297,
        "u": 0.03464,
        "r": 0.03023,
        "t": 0.02513,
        "l": 0.0178,
        "n": 0.0146,
        "m": 0.010089999999999998,
        "w": 0.005370000000000001,
        "b": 0.00404,
        "f": 0.0034999999999999996,
        "s": 0.0028899999999999998,
        "p": 0.00166,
        "h": 0.00109,
        "c": 0.00109,
        "d": 0.00095,
        "g": 0.00065,
        "k": 0.00054,
        "v": 0.0002,
        "q": 0.00014000000000000001,
        "z": 0.00014000000000000001
    },
    "i": {
        "n": 0.19675,
        "c": 0.1306,
        "s": 0.11182,
        "t": 0.08071,
        "o": 0.07785,
        "a": 0.07516,
        "d": 0.053689999999999995,
        "l": 0.04947,
        "m": 0.03005,
        "z": 0.025179999999999998,
        "v": 0.025009999999999998,
        "f": 0.02307,
        "p": 0.0223,
        "r": 0.021269999999999997,
        "g": 0.01968,
        "e": 0.01965,
        "b": 0.013309999999999999,
        "k": 0.00914,
        "u": 0.00877,
        "i": 0.002,
        "x": 0.00193,
        "q": 0.00097,
        "h": 0.00067,
        "j": 0.00037,
        "w": 0.00032,
        "y": 0.00026
    },
    "j": {
        "u": 0.27992,
        "a": 0.26987,
        "o": 0.19957999999999998,
        "e": 0.17740999999999998,
        "i": 0.06192,
        "r": 0.00293,
        "h": 0.00209,
        "y": 0.00167,
        "n": 0.00126,
        "d": 0.00084,
        "l": 0.00084,
        "m": 0.00042,
        "p": 0.00042,
        "b": 0.00042,
        "t": 0.00042
    },
    "k": {
        "e": 0.34017000000000003,
        "i": 0.18734,
        "a": 0.12784,
        "o": 0.055970000000000006,
        "l": 0.05393,
        "n": 0.04768,
        "u": 0.03084,
        "y": 0.02962,
        "h": 0.02649,
        "s": 0.0216,
        "r": 0.01766,
        "w": 0.010049999999999998,
        "b": 0.0091,
        "t": 0.00842,
        "f": 0.00815,
        "k": 0.0072,
        "m": 0.0070599999999999994,
        "d": 0.00299,
        "p": 0.00299,
        "j": 0.0016300000000000002,
        "c": 0.0016300000000000002,
        "g": 0.00095,
        "v": 0.00054,
        "z": 0.00014000000000000001
    },
    "l": {
        "e": 0.20017,
        "i": 0.18093,
        "a": 0.1394,
        "y": 0.12417,
        "l": 0.10787000000000001,
        "o": 0.1042,
        "u": 0.03428,
        "t": 0.02218,
        "d": 0.01325,
        "p": 0.011810000000000001,
        "m": 0.0095,
        "v": 0.00935,
        "c": 0.008579999999999999,
        "s": 0.006750000000000001,
        "n": 0.00631,
        "f": 0.005600000000000001,
        "k": 0.00461,
        "g": 0.0044800000000000005,
        "b": 0.00293,
        "w": 0.00148,
        "h": 0.00105,
        "r": 0.00079,
        "z": 0.00021,
        "x": 3e-05,
        "j": 3e-05,
        "q": 3e-05
    },
    "m": {
        "a": 0.22239,
        "e": 0.19785,
        "i": 0.19341,
        "o": 0.154,
        "p": 0.058550000000000005,
        "u": 0.04606,
        "y": 0.038,
        "b": 0.036230000000000005,
        "m": 0.02911,
        "n": 0.011739999999999999,
        "s": 0.00316,
        "l": 0.00271,
        "f": 0.00185,
        "r": 0.00091,
        "d": 0.0007000000000000001,
        "w": 0.00068,
        "c": 0.00063,
        "t": 0.00055,
        "h": 0.0005,
        "v": 0.00034,
        "k": 0.00026,
        "g": 0.00021,
        "j": 8e-05,